ExpertName,Relationship,Level,Affinity,Sigils,Attack,BearPlus,Power,Skill1Books,Skill1XP,Skill1Power,Skill2Books,Skill2XP,Skill2Power,Skill3Books,Skill3XP,Skill3Power,Skill4Books,Skill4XP,Skill4Power
Agnes,Relationship,0,0,0,0,0,0,1,0,2,20000,0,10,16000,0,2,7000,0,20
Agnes,Stranger,1,1000,0,0.0158,1,10,2,500,3,40000,400,15,32000,200,3,14000,100,30
Agnes,Stranger,2,240,0,0.0165,0,0,3,1000,4,60000,800,20,48000,400,4,21000,200,40
Agnes,Stranger,3,260,0,0.0173,0,0,4,2000,6,80000,1600,30,64000,800,6,28000,300,50
Agnes,Stranger,4,270,0,0.018,0,0,5,4000,8,100000,3200,40,80000,1600,8,35000,400,60
Agnes,Stranger,5,280,0,0.0188,0,0,6,0,0,0,0,0,0,0,0,0,500,70
Agnes,Stranger,6,290,0,0.0195,0,0,7,0,0,0,0,0,0,0,0,0,600,80
Agnes,Stranger,7,320,0,0.0203,0,0,8,0,0,0,0,0,0,0,0,0,700,90
Agnes,Stranger,8,340,0,0.021,0,0,9,0,0,0,0,0,0,0,0,0,800,100
Agnes,Stranger,9,360,0,0.0218,0,0,10,0,0,0,0,0,0,0,0,0,900,120
Agnes,Stranger,10,390,0,0.0228,0,0,0,7500,0,0,6000,0,0,3000,0,0,4500,0
Agnes,Acquaintance 1,10.1,0,5,0.0285,1,12,0,0,0,0,0,0,0,0,0,0,0,0
Agnes,Acquaintance 1,11,410,0,0.0293,0,0,0,0,0,0,0,0,0,0,0,0,0,0
Agnes,Acquaintance 1,12,440,0,0.03,0,0,0,0,0,0,0,0,0,0,0,0,0,0
Agnes,Acquaintance 1,13,460,0,0.0308,0,0,0,0,0,0,0,0,0,0,0,0,0,0
Agnes,Acquaintance 1,14,480,0,0.0315,0,0,0,0,0,0,0,0,0,0,0,0,0,0
Agnes,Acquaintance 1,15,510,0,0.0323,0,0,0,0,0,0,0,0,0,0,0,0,0,0
Agnes,Acquaintance 1,16,530,0,0.033,0,0,0,0,0,0,0,0,0,0,0,0,0,0
Agnes,Acquaintance 1,17,560,0,0.0338,0,0,0,0,0,0,0,0,0,0,0,0,0,0
Agnes,Acquaintance 1,18,580,0,0.0345,0,0,0,0,0,0,0,0,0,0,0,0,0,0
Agnes,Acquaintance 1,19,600,0,0.0353,0,0,0,0,0,0,0,0,0,0,0,0,0,0
Agnes,Acquaintance 1,20,630,0,0.036,0,0,0,0,0,0,0,0,0,0,0,0,0,0
Agnes,Acquaintance 2,20.1,0,10,0.042,1,14,0,0,0,0,0,0,0,0,0,0,0,0
Agnes,Acquaintance 2,21,650,0,0.0428,0,0,0,0,0,0,0,0,0,0,0,0,0,0
Agnes,Acquaintance 2,22,680,0,0.0435,0,0,0,0,0,0,0,0,0,0,0,0,0,0
Agnes,Acquaintance 2,23,700,0,0.0443,0,0,0,0,0,0,0,0,0,0,0,0,0,0
Agnes,Acquaintance 2,24,720,0,0.045,0,0,0,0,0,0,0,0,0,0,0,0,0,0
Agnes,Acquaintance 2,25,750,0,0.0458,0,0,0,0,0,0,0,0,0,0,0,0,0,0
Agnes,Acquaintance 2,26,770,0,0.0465,0,0,0,0,0,0,0,0,0,0,0,0,0,0
Agnes,Acquaintance 2,27,800,0,0.0473,0,0,0,0,0,0,0,0,0,0,0,0,0,0
Agnes,Acquaintance 2,28,820,0,0.048,0,0,0,0,0,0,0,0,0,0,0,0,0,0
Agnes,Acquaintance 2,29,840,0,0.0488,0,0,0,0,0,0,0,0,0,0,0,0,0,0
Agnes,Acquaintance 2,30,880,0,0.0495,0,0,0,0,0,0,0,0,0,0,0,0,0,0
Agnes,Acquaintance 3,30.1,0,15,0.055,2,16,0,0,0,0,0,0,0,0,0,0,0,0
Agnes,Acquaintance 3,31,920,0,0.0563,0,0,0,0,0,0,0,0,0,0,0,0,0,0
Agnes,Acquaintance 3,32,950,0,0.057,0,0,0,0,0,0,0,0,0,0,0,0,0,0
Agnes,Acquaintance 3,33,990,0,0.0578,0,0,0,0,0,0,0,0,0,0,0,0,0,0
Agnes,Acquaintance 3,34,1020,0,0.0585,0,0,0,0,0,0,0,0,0,0,0,0,0,0
Agnes,Acquaintance 3,35,1060,0,0.0593,0,0,0,0,0,0,0,0,0,0,0,0,0,0
Agnes,Acquaintance 3,36,1100,0,0.06,0,0,0,0,0,0,0,0,0,0,0,0,0,0
Agnes,Acquaintance 3,37,1130,0,0.0608,0,0,0,0,0,0,0,0,0,0,0,0,0,0
Agnes,Acquaintance 3,38,1170,0,0.0615,0,0,0,0,0,0,0,0,0,0,0,0,0,0
Agnes,Acquaintance 3,39,1210,0,0.0623,0,0,0,0,0,0,0,0,0,0,0,0,0,0
Agnes,Acquaintance 3,40,1250,0,0.063,0,0,0,0,0,0,0,0,0,0,0,0,0,0
Agnes,Casual 1,40.1,0,20,0.069,2,18,0,0,0,0,0,0,0,0,0,0,0,0
Agnes,Casual 1,41,1300,0,0.0698,0,0,0,0,0,0,0,0,0,0,0,0,0,0
Agnes,Casual 1,42,1350,0,0.0705,0,0,0,0,0,0,0,0,0,0,0,0,0,0
Agnes,Casual 1,43,1400,0,0.0713,0,0,0,0,0,0,0,0,0,0,0,0,0,0
Agnes,Casual 1,44,1440,0,0.072,0,0,0,0,0,0,0,0,0,0,0,0,0,0
Agnes,Casual 1,45,1490,0,0.0728,0,0,0,0,0,0,0,0,0,0,0,0,0,0
Agnes,Casual 1,46,1540,0,0.0735,0,0,0,0,0,0,0,0,0,0,0,0,0,0
Agnes,Casual 1,47,1590,0,0.0743,0,0,0,0,0,0,0,0,0,0,0,0,0,0
Agnes,Casual 1,48,1640,0,0.075,0,0,0,0,0,0,0,0,0,0,0,0,0,0
Agnes,Casual 1,49,1680,0,0.0758,0,0,0,0,0,0,0,0,0,0,0,0,0,0
Agnes,Casual 1,50,1740,0,0.0765,0,0,0,0,0,0,0,0,0,0,0,0,0,0
Agnes,Casual 2,50.1,0,25,0.0825,3,20,0,0,0,0,0,0,0,0,0,0,0,0
Agnes,Casual 2,51,1800,0,0.0833,0,0,0,0,0,0,0,0,0,0,0,0,0,0
Agnes,Casual 2,52,1860,0,0.084,0,0,0,0,0,0,0,0,0,0,0,0,0,0
Agnes,Casual 2,53,1920,0,0.0848,0,0,0,0,0,0,0,0,0,0,0,0,0,0
Agnes,Casual 2,54,1980,0,0.0855,0,0,0,0,0,0,0,0,0,0,0,0,0,0
Agnes,Casual 2,55,2040,0,0.0863,0,0,0,0,0,0,0,0,0,0,0,0,0,0
Agnes,Casual 2,56,2100,0,0.087,0,0,0,0,0,0,0,0,0,0,0,0,0,0
Agnes,Casual 2,57,2160,0,0.0878,0,0,0,0,0,0,0,0,0,0,0,0,0,0
Agnes,Casual 2,58,2220,0,0.0885,0,0,0,0,0,0,0,0,0,0,0,0,0,0
Agnes,Casual 2,59,2280,0,0.0893,0,0,0,0,0,0,0,0,0,0,0,0,0,0
Agnes,Casual 2,60,2340,0,0.09,0,0,0,0,0,0,0,0,0,0,0,0,0,0
Agnes,Casual 3,60.1,0,30,0.096,3,22,0,0,0,0,0,0,0,0,0,0,0,0
Agnes,Casual 3,61,2400,0,0.0968,0,0,0,0,0,0,0,0,0,0,0,0,0,0
Agnes,Casual 3,62,2460,0,0.0975,0,0,0,0,0,0,0,0,0,0,0,0,0,0
Agnes,Casual 3,63,2520,0,0.0983,0,0,0,0,0,0,0,0,0,0,0,0,0,0
Agnes,Casual 3,64,2580,0,0.099,0,0,0,0,0,0,0,0,0,0,0,0,0,0
Agnes,Casual 3,65,2640,0,0.0998,0,0,0,0,0,0,0,0,0,0,0,0,0,0
Agnes,Casual 3,66,2700,0,0.1005,0,0,0,0,0,0,0,0,0,0,0,0,0,0
Agnes,Casual 3,67,2760,0,0.1013,0,0,0,0,0,0,0,0,0,0,0,0,0,0
Agnes,Casual 3,68,2820,0,0.102,0,0,0,0,0,0,0,0,0,0,0,0,0,0
Agnes,Casual 3,69,2880,0,0.1028,0,0,0,0,0,0,0,0,0,0,0,0,0,0
Agnes,Casual 3,70,2940,0,0.1035,0,0,0,0,0,0,0,0,0,0,0,0,0,0
Agnes,Close 1,70.1,0,35,0.1095,4,24,0,0,0,0,0,0,0,0,0,0,0,0
Agnes,Close 1,71,3000,0,0.1103,0,0,0,0,0,0,0,0,0,0,0,0,0,0
Agnes,Close 1,72,3060,0,0.111,0,0,0,0,0,0,0,0,0,0,0,0,0,0
Agnes,Close 1,73,3120,0,0.1118,0,0,0,0,0,0,0,0,0,0,0,0,0,0
Agnes,Close 1,74,3180,0,0.1125,0,0,0,0,0,0,0,0,0,0,0,0,0,0
Agnes,Close 1,75,3240,0,0.1133,0,0,0,0,0,0,0,0,0,0,0,0,0,0
Agnes,Close 1,76,3300,0,0.114,0,0,0,0,0,0,0,0,0,0,0,0,0,0
Agnes,Close 1,77,3360,0,0.1148,0,0,0,0,0,0,0,0,0,0,0,0,0,0
Agnes,Close 1,78,3420,0,0.1155,0,0,0,0,0,0,0,0,0,0,0,0,0,0
Agnes,Close 1,79,3480,0,0.1163,0,0,0,0,0,0,0,0,0,0,0,0,0,0
Agnes,Close 1,80,3540,0,0.117,0,0,0,0,0,0,0,0,0,0,0,0,0,0
Agnes,Close 2,80.1,0,40,0.123,4,26,0,0,0,0,0,0,0,0,0,0,0,0
Agnes,Close 2,81,3600,0,0.1238,0,0,0,0,0,0,0,0,0,0,0,0,0,0
Agnes,Close 2,82,3660,0,0.1245,0,0,0,0,0,0,0,0,0,0,0,0,0,0
Agnes,Close 2,83,3720,0,0.1253,0,0,0,0,0,0,0,0,0,0,0,0,0,0
Agnes,Close 2,84,3780,0,0.126,0,0,0,0,0,0,0,0,0,0,0,0,0,0
Agnes,Close 2,85,3840,0,0.1268,0,0,0,0,0,0,0,0,0,0,0,0,0,0
Agnes,Close 2,86,3900,0,0.1275,0,0,0,0,0,0,0,0,0,0,0,0,0,0
Agnes,Close 2,87,3960,0,0.1283,0,0,0,0,0,0,0,0,0,0,0,0,0,0
Agnes,Close 2,88,4020,0,0.129,0,0,0,0,0,0,0,0,0,0,0,0,0,0
Agnes,Close 2,89,4080,0,0.1298,0,0,0,0,0,0,0,0,0,0,0,0,0,0
Agnes,Close 2,90,4140,0,0.1305,0,0,0,0,0,0,0,0,0,0,0,0,0,0
Agnes,Close 3,90.1,0,45,0.1365,5,28,0,0,0,0,0,0,0,0,0,0,0,0
Agnes,Close 3,91,4200,0,0.1373,0,0,0,0,0,0,0,0,0,0,0,0,0,0
Agnes,Close 3,92,4260,0,0.138,0,0,0,0,0,0,0,0,0,0,0,0,0,0
Agnes,Close 3,93,4320,0,0.1388,0,0,0,0,0,0,0,0,0,0,0,0,0,0
Agnes,Close 3,94,4380,0,0.1395,0,0,0,0,0,0,0,0,0,0,0,0,0,0
Agnes,Close 3,95,4440,0,0.1403,0,0,0,0,0,0,0,0,0,0,0,0,0,0
Agnes,Close 3,96,4500,0,0.141,0,0,0,0,0,0,0,0,0,0,0,0,0,0
Agnes,Close 3,97,4560,0,0.1418,0,0,0,0,0,0,0,0,0,0,0,0,0,0
Agnes,Close 3,98,4620,0,0.1425,0,0,0,0,0,0,0,0,0,0,0,0,0,0
Agnes,Close 3,99,4680,0,0.1433,0,0,0,0,0,0,0,0,0,0,0,0,0,0
Agnes,Close 3,100,4740,0,0.144,0,0,0,0,0,0,0,0,0,0,0,0,0,0
Agnes,Intimate,100.1,0,50,0.15,5,30,0,0,0,0,0,0,0,0,0,0,0,0
Baldur,Relationship,0,0,0,0,0,0,1,0,0.02,1,18000,0,0.05,1,0,0,0.05,18000
Baldur,Stranger,1,1000,0,0.0105,0.05,0.2,2,300,0.04,1,36000,25800,0.1,1,300,25800,0.1,36000
Baldur,Stranger,2,400,0,0.011,0,0,3,600,0.06,1,54000,51600,0.15,1,600,51600,0.15,54000
Baldur,Stranger,3,420,0,0.0115,0,0,4,900,0.08,1,72000,77400,0.2,1,900,77400,0.2,72000
Baldur,Stranger,4,440,0,0.012,0,0,5,1200,0.1,1,90000,103200,0.25,1,1200,103200,0.25,90000
Baldur,Stranger,5,460,0,0.0125,0,0,6,1500,0.12,2,108000,129600,0.3,2,1500,129600,0.3,108000
Baldur,Stranger,6,480,0,0.013,0,0,7,1800,0.14,2,126000,155400,0.35,2,1800,155400,0.35,126000
Baldur,Stranger,7,520,0,0.0135,0,0,8,2100,0.16,2,144000,181200,0.4,2,2100,181200,0.4,144000
Baldur,Stranger,8,560,0,0.014,0,0,9,2400,0.18,2,162000,207000,0.45,2,2400,207000,0.45,162000
Baldur,Stranger,9,600,0,0.0145,0,0,10,2700,0.2,3,180000,232800,0.5,3,2700,232880,0.5,180000
Baldur,Stranger,10,640,0,0.015,0,0,0,13500,0,0,0,1164000,0,0,13500,1164080,0,0
Baldur,Acquaintance 1,10.1,0,6,0.019,0.05,0.28,0,0,0,0,0,0,0,0,0,0,0,0
Baldur,Acquaintance 1,11,680,0,0.0195,0,0,0,0,0,0,0,0,0,0,0,0,0,0
Baldur,Acquaintance 1,12,720,0,0.02,0,0,0,0,0,0,0,0,0,0,0,0,0,0
Baldur,Acquaintance 1,13,760,0,0.0205,0,0,0,0,0,0,0,0,0,0,0,0,0,0
Baldur,Acquaintance 1,14,800,0,0.021,0,0,0,0,0,0,0,0,0,0,0,0,0,0
Baldur,Acquaintance 1,15,840,0,0.0215,0,0,0,0,0,0,0,0,0,0,0,0,0,0
Baldur,Acquaintance 1,16,880,0,0.022,0,0,0,0,0,0,0,0,0,0,0,0,0,0
Baldur,Acquaintance 1,17,920,0,0.0225,0,0,0,0,0,0,0,0,0,0,0,0,0,0
Baldur,Acquaintance 1,18,960,0,0.023,0,0,0,0,0,0,0,0,0,0,0,0,0,0
Baldur,Acquaintance 1,19,1000,0,0.0235,0,0,0,0,0,0,0,0,0,0,0,0,0,0
Baldur,Acquaintance 1,20,1040,0,0.024,0,0,0,0,0,0,0,0,0,0,0,0,0,0
Baldur,Acquaintance 2,20.1,0,12,0.028,0.05,0.36,0,0,0,0,0,0,0,0,0,0,0,0
Baldur,Acquaintance 2,21,1080,0,0.0285,0,0,0,0,0,0,0,0,0,0,0,0,0,0
Baldur,Acquaintance 2,22,1120,0,0.029,0,0,0,0,0,0,0,0,0,0,0,0,0,0
Baldur,Acquaintance 2,23,1160,0,0.0295,0,0,0,0,0,0,0,0,0,0,0,0,0,0
Baldur,Acquaintance 2,24,1200,0,0.03,0,0,0,0,0,0,0,0,0,0,0,0,0,0
Baldur,Acquaintance 2,25,1240,0,0.0305,0,0,0,0,0,0,0,0,0,0,0,0,0,0
Baldur,Acquaintance 2,26,1284,0,0.031,0,0,0,0,0,0,0,0,0,0,0,0,0,0
Baldur,Acquaintance 2,27,1320,0,0.0315,0,0,0,0,0,0,0,0,0,0,0,0,0,0
Baldur,Acquaintance 2,28,1360,0,0.032,0,0,0,0,0,0,0,0,0,0,0,0,0,0
Baldur,Acquaintance 2,29,1400,0,0.0325,0,0,0,0,0,0,0,0,0,0,0,0,0,0
Baldur,Acquaintance 2,30,1460,0,0.033,0,0,0,0,0,0,0,0,0,0,0,0,0,0
Baldur,Acquaintance 3,30.1,0,18,0.037,0.05,0.44,0,0,0,0,0,0,0,0,0,0,0,0
Baldur,Acquaintance 3,31,1520,0,0.0375,0,0,0,0,0,0,0,0,0,0,0,0,0,0
Baldur,Acquaintance 3,32,1580,0,0.038,0,0,0,0,0,0,0,0,0,0,0,0,0,0
Baldur,Acquaintance 3,33,1640,0,0.0385,0,0,0,0,0,0,0,0,0,0,0,0,0,0
Baldur,Acquaintance 3,34,1700,0,0.039,0,0,0,0,0,0,0,0,0,0,0,0,0,0
Baldur,Acquaintance 3,35,1760,0,0.0395,0,0,0,0,0,0,0,0,0,0,0,0,0,0
Baldur,Acquaintance 3,36,1820,0,0.04,0,0,0,0,0,0,0,0,0,0,0,0,0,0
Baldur,Acquaintance 3,37,1880,0,0.0405,0,0,0,0,0,0,0,0,0,0,0,0,0,0
Baldur,Acquaintance 3,38,1940,0,0.041,0,0,0,0,0,0,0,0,0,0,0,0,0,0
Baldur,Acquaintance 3,39,2000,0,0.0415,0,0,0,0,0,0,0,0,0,0,0,0,0,0
Baldur,Acquaintance 3,40,2080,0,0.042,0,0,0,0,0,0,0,0,0,0,0,0,0,0
Baldur,Casual 1,40.1,0,24,0.046,0.05,0.52,0,0,0,0,0,0,0,0,0,0,0,0
Baldur,Casual 1,41,2160,0,0.0465,0,0,0,0,0,0,0,0,0,0,0,0,0,0
Baldur,Casual 1,42,2240,0,0.047,0,0,0,0,0,0,0,0,0,0,0,0,0,0
Baldur,Casual 1,43,2320,0,0.0475,0,0,0,0,0,0,0,0,0,0,0,0,0,0
Baldur,Casual 1,44,2400,0,0.048,0,0,0,0,0,0,0,0,0,0,0,0,0,0
Baldur,Casual 1,45,2480,0,0.0485,0,0,0,0,0,0,0,0,0,0,0,0,0,0
Baldur,Casual 1,46,2560,0,0.049,0,0,0,0,0,0,0,0,0,0,0,0,0,0
Baldur,Casual 1,47,2640,0,0.0495,0,0,0,0,0,0,0,0,0,0,0,0,0,0
Baldur,Casual 1,48,2720,0,0.05,0,0,0,0,0,0,0,0,0,0,0,0,0,0
Baldur,Casual 1,49,2800,0,0.0505,0,0,0,0,0,0,0,0,0,0,0,0,0,0
Baldur,Casual 1,50,2900,0,0.051,0,0,0,0,0,0,0,0,0,0,0,0,0,0
Baldur,Casual 2,50.1,0,30,0.055,0.1,0.6,0,0,0,0,0,0,0,0,0,0,0,0
Baldur,Casual 2,51,3000,0,0.0555,0,0,0,0,0,0,0,0,0,0,0,0,0,0
Baldur,Casual 2,52,3100,0,0.056,0,0,0,0,0,0,0,0,0,0,0,0,0,0
Baldur,Casual 2,53,3200,0,0.0565,0,0,0,0,0,0,0,0,0,0,0,0,0,0
Baldur,Casual 2,54,3300,0,0.057,0,0,0,0,0,0,0,0,0,0,0,0,0,0
Baldur,Casual 2,55,3400,0,0.0575,0,0,0,0,0,0,0,0,0,0,0,0,0,0
Baldur,Casual 2,56,3500,0,0.058,0,0,0,0,0,0,0,0,0,0,0,0,0,0
Baldur,Casual 2,57,3600,0,0.0585,0,0,0,0,0,0,0,0,0,0,0,0,0,0
Baldur,Casual 2,58,3700,0,0.059,0,0,0,0,0,0,0,0,0,0,0,0,0,0
Baldur,Casual 2,59,3800,0,0.0595,0,0,0,0,0,0,0,0,0,0,0,0,0,0
Baldur,Casual 2,60,3900,0,0.06,0,0,0,0,0,0,0,0,0,0,0,0,0,0
Baldur,Casual 3,60.1,0,36,0.064,0.1,0.68,0,0,0,0,0,0,0,0,0,0,0,0
Baldur,Casual 3,61,4000,0,0.0645,0,0,0,0,0,0,0,0,0,0,0,0,0,0
Baldur,Casual 3,62,4100,0,0.065,0,0,0,0,0,0,0,0,0,0,0,0,0,0
Baldur,Casual 3,63,4200,0,0.0655,0,0,0,0,0,0,0,0,0,0,0,0,0,0
Baldur,Casual 3,64,4300,0,0.066,0,0,0,0,0,0,0,0,0,0,0,0,0,0
Baldur,Casual 3,65,4400,0,0.0665,0,0,0,0,0,0,0,0,0,0,0,0,0,0
Baldur,Casual 3,66,4500,0,0.067,0,0,0,0,0,0,0,0,0,0,0,0,0,0
Baldur,Casual 3,67,4600,0,0.0675,0,0,0,0,0,0,0,0,0,0,0,0,0,0
Baldur,Casual 3,68,4700,0,0.068,0,0,0,0,0,0,0,0,0,0,0,0,0,0
Baldur,Casual 3,69,4800,0,0.0685,0,0,0,0,0,0,0,0,0,0,0,0,0,0
Baldur,Casual 3,70,4900,0,0.069,0,0,0,0,0,0,0,0,0,0,0,0,0,0
Baldur,Close 1,70.1,0,42,0.073,0.1,0.76,0,0,0,0,0,0,0,0,0,0,0,0
Baldur,Close 1,71,5000,0,0.0735,0,0,0,0,0,0,0,0,0,0,0,0,0,0
Baldur,Close 1,72,5100,0,0.074,0,0,0,0,0,0,0,0,0,0,0,0,0,0
Baldur,Close 1,73,5200,0,0.0745,0,0,0,0,0,0,0,0,0,0,0,0,0,0
Baldur,Close 1,74,5300,0,0.075,0,0,0,0,0,0,0,0,0,0,0,0,0,0
Baldur,Close 1,75,5400,0,0.0755,0,0,0,0,0,0,0,0,0,0,0,0,0,0
Baldur,Close 1,76,5500,0,0.076,0,0,0,0,0,0,0,0,0,0,0,0,0,0
Baldur,Close 1,77,5600,0,0.0765,0,0,0,0,0,0,0,0,0,0,0,0,0,0
Baldur,Close 1,78,5700,0,0.077,0,0,0,0,0,0,0,0,0,0,0,0,0,0
Baldur,Close 1,79,5800,0,0.0775,0,0,0,0,0,0,0,0,0,0,0,0,0,0
Baldur,Close 1,80,5900,0,0.078,0,0,0,0,0,0,0,0,0,0,0,0,0,0
Baldur,Close 2,80.1,0,48,0.082,0.1,0.84,0,0,0,0,0,0,0,0,0,0,0,0
Baldur,Close 2,81,6000,0,0.0825,0,0,0,0,0,0,0,0,0,0,0,0,0,0
Baldur,Close 2,82,6100,0,0.083,0,0,0,0,0,0,0,0,0,0,0,0,0,0
Baldur,Close 2,83,6200,0,0.0835,0,0,0,0,0,0,0,0,0,0,0,0,0,0
Baldur,Close 2,84,6300,0,0.084,0,0,0,0,0,0,0,0,0,0,0,0,0,0
Baldur,Close 2,85,6400,0,0.0845,0,0,0,0,0,0,0,0,0,0,0,0,0,0
Baldur,Close 2,86,6500,0,0.085,0,0,0,0,0,0,0,0,0,0,0,0,0,0
Baldur,Close 2,87,6600,0,0.0855,0,0,0,0,0,0,0,0,0,0,0,0,0,0
Baldur,Close 2,88,6700,0,0.086,0,0,0,0,0,0,0,0,0,0,0,0,0,0
Baldur,Close 2,89,6800,0,0.0865,0,0,0,0,0,0,0,0,0,0,0,0,0,0
Baldur,Close 2,90,6900,0,0.087,0,0,0,0,0,0,0,0,0,0,0,0,0,0
Baldur,Close 3,90.1,0,54,0.091,0.1,0.92,0,0,0,0,0,0,0,0,0,0,0,0
Baldur,Close 3,91,7000,0,0.0915,0,0,0,0,0,0,0,0,0,0,0,0,0,0
Baldur,Close 3,92,7100,0,0.092,0,0,0,0,0,0,0,0,0,0,0,0,0,0
Baldur,Close 3,93,7200,0,0.0925,0,0,0,0,0,0,0,0,0,0,0,0,0,0
Baldur,Close 3,94,7300,0,0.093,0,0,0,0,0,0,0,0,0,0,0,0,0,0
Baldur,Close 3,95,7400,0,0.0935,0,0,0,0,0,0,0,0,0,0,0,0,0,0
Baldur,Close 3,96,7500,0,0.094,0,0,0,0,0,0,0,0,0,0,0,0,0,0
Baldur,Close 3,97,7600,0,0.0945,0,0,0,0,0,0,0,0,0,0,0,0,0,0
Baldur,Close 3,98,7700,0,0.095,0,0,0,0,0,0,0,0,0,0,0,0,0,0
Baldur,Close 3,99,7800,0,0.0955,0,0,0,0,0,0,0,0,0,0,0,0,0,0
Baldur,Close 3,100,7900,0,0.096,0,0,0,0,0,0,0,0,0,0,0,0,0,0
Baldur,Intimate,100.1,0,60,0.1,0.15,1,0,0,0,0,0,0,0,0,0,0,0,0
Cyrille,Relationship,0,0,0,0,0,0,0,0,3000,0,0,13000,0,0,20000,0,0,7000
Cyrille,Stranger,1,1000,0,0.0158,0.02,36000,70,3600,6000,400,27600,26000,500,43200,40000,100,10200,14000
Cyrille,Stranger,2,200,0,0.0165,0,0,140,7200,9000,800,55200,39000,1000,86400,60000,200,20400,21000
Cyrille,Stranger,3,210,0,0.0173,0,0,210,10800,12000,1600,110400,52000,2000,172800,80000,300,30600,28000
Cyrille,Stranger,4,220,0,0.018,0,0,280,14400,15000,3200,220800,65000,4000,345600,100000,400,41400,35000
Cyrille,Stranger,5,230,0,0.0188,0,0,350,18000,18000,0,0,0,0,0,0,500,51600,42000
Cyrille,Stranger,6,240,0,0.0195,0,0,420,21600,21000,0,0,0,0,0,0,600,61800,49000
Cyrille,Stranger,7,260,0,0.0203,0,0,490,25200,24000,0,0,0,0,0,0,700,72600,56000
Cyrille,Stranger,8,280,0,0.021,0,0,560,28800,27000,0,0,0,0,0,0,800,82800,63000
Cyrille,Stranger,9,300,0,0.0218,0,0,630,32400,30000,0,0,0,0,0,0,900,93000,70000
Cyrille,Stranger,10,320,0,0.0225,0,0,3150,162000,0,6000,414000,0,7500,648000,0,4500,464400,0
Cyrille,Acquaintance 1,10.1,0,5,0.0285,0.04,72000,0,0,0,0,0,0,0,0,0,0,0,0
Cyrille,Acquaintance 1,11,340,0,0.0293,0,0,0,0,0,0,0,0,0,0,0,0,0,0
Cyrille,Acquaintance 1,12,360,0,0.03,0,0,0,0,0,0,0,0,0,0,0,0,0,0
Cyrille,Acquaintance 1,13,380,0,0.0308,0,0,0,0,0,0,0,0,0,0,0,0,0,0
Cyrille,Acquaintance 1,14,400,0,0.0315,0,0,0,0,0,0,0,0,0,0,0,0,0,0
Cyrille,Acquaintance 1,15,420,0,0.0323,0,0,0,0,0,0,0,0,0,0,0,0,0,0
Cyrille,Acquaintance 1,16,440,0,0.033,0,0,0,0,0,0,0,0,0,0,0,0,0,0
Cyrille,Acquaintance 1,17,460,0,0.0338,0,0,0,0,0,0,0,0,0,0,0,0,0,0
Cyrille,Acquaintance 1,18,480,0,0.0345,0,0,0,0,0,0,0,0,0,0,0,0,0,0
Cyrille,Acquaintance 1,19,500,0,0.0353,0,0,0,0,0,0,0,0,0,0,0,0,0,0
Cyrille,Acquaintance 1,20,520,0,0.036,0,0,0,0,0,0,0,0,0,0,0,0,0,0
Cyrille,Acquaintance 2,20.1,0,10,0.042,0.06,108000,0,0,0,0,0,0,0,0,0,0,0,0
Cyrille,Acquaintance 2,21,540,0,0.0428,0,0,0,0,0,0,0,0,0,0,0,0,0,0
Cyrille,Acquaintance 2,22,560,0,0.0435,0,0,0,0,0,0,0,0,0,0,0,0,0,0
Cyrille,Acquaintance 2,23,580,0,0.0443,0,0,0,0,0,0,0,0,0,0,0,0,0,0
Cyrille,Acquaintance 2,24,600,0,0.045,0,0,0,0,0,0,0,0,0,0,0,0,0,0
Cyrille,Acquaintance 2,25,620,0,0.0458,0,0,0,0,0,0,0,0,0,0,0,0,0,0
Cyrille,Acquaintance 2,26,640,0,0.0465,0,0,0,0,0,0,0,0,0,0,0,0,0,0
Cyrille,Acquaintance 2,27,660,0,0.0473,0,0,0,0,0,0,0,0,0,0,0,0,0,0
Cyrille,Acquaintance 2,28,680,0,0.048,0,0,0,0,0,0,0,0,0,0,0,0,0,0
Cyrille,Acquaintance 2,29,700,0,0.0488,0,0,0,0,0,0,0,0,0,0,0,0,0,0
Cyrille,Acquaintance 2,30,730,0,0.0495,0,0,0,0,0,0,0,0,0,0,0,0,0,0
Cyrille,Acquaintance 3,30.1,0,15,0.0555,0.09,144000,0,0,0,0,0,0,0,0,0,0,0,0
Cyrille,Acquaintance 3,31,760,0,0.0563,0,0,0,0,0,0,0,0,0,0,0,0,0,0
Cyrille,Acquaintance 3,32,790,0,0.057,0,0,0,0,0,0,0,0,0,0,0,0,0,0
Cyrille,Acquaintance 3,33,820,0,0.0578,0,0,0,0,0,0,0,0,0,0,0,0,0,0
Cyrille,Acquaintance 3,34,850,0,0.0585,0,0,0,0,0,0,0,0,0,0,0,0,0,0
Cyrille,Acquaintance 3,35,880,0,0.0593,0,0,0,0,0,0,0,0,0,0,0,0,0,0
Cyrille,Acquaintance 3,36,910,0,0.06,0,0,0,0,0,0,0,0,0,0,0,0,0,0
Cyrille,Acquaintance 3,37,940,0,0.0608,0,0,0,0,0,0,0,0,0,0,0,0,0,0
Cyrille,Acquaintance 3,38,970,0,0.0615,0,0,0,0,0,0,0,0,0,0,0,0,0,0
Cyrille,Acquaintance 3,39,1000,0,0.0623,0,0,0,0,0,0,0,0,0,0,0,0,0,0
Cyrille,Acquaintance 3,40,1040,0,0.063,0,0,0,0,0,0,0,0,0,0,0,0,0,0
Cyrille,Casual 1,40.1,0,20,0.069,0.12,180000,0,0,0,0,0,0,0,0,0,0,0,0
Cyrille,Casual 1,41,1080,0,0.0698,0,0,0,0,0,0,0,0,0,0,0,0,0,0
Cyrille,Casual 1,42,1120,0,0.0705,0,0,0,0,0,0,0,0,0,0,0,0,0,0
Cyrille,Casual 1,43,1160,0,0.0713,0,0,0,0,0,0,0,0,0,0,0,0,0,0
Cyrille,Casual 1,44,1200,0,0.072,0,0,0,0,0,0,0,0,0,0,0,0,0,0
Cyrille,Casual 1,45,1240,0,0.0728,0,0,0,0,0,0,0,0,0,0,0,0,0,0
Cyrille,Casual 1,46,1280,0,0.0735,0,0,0,0,0,0,0,0,0,0,0,0,0,0
Cyrille,Casual 1,47,1320,0,0.0743,0,0,0,0,0,0,0,0,0,0,0,0,0,0
Cyrille,Casual 1,48,1360,0,0.075,0,0,0,0,0,0,0,0,0,0,0,0,0,0
Cyrille,Casual 1,49,1400,0,0.0758,0,0,0,0,0,0,0,0,0,0,0,0,0,0
Cyrille,Casual 1,50,1450,0,0.0765,0,0,0,0,0,0,0,0,0,0,0,0,0,0
Cyrille,Casual 2,50.1,0,25,0.0825,0.15,216000,0,0,0,0,0,0,0,0,0,0,0,0
Cyrille,Casual 2,51,1500,0,0.0833,0,0,0,0,0,0,0,0,0,0,0,0,0,0
Cyrille,Casual 2,52,1550,0,0.084,0,0,0,0,0,0,0,0,0,0,0,0,0,0
Cyrille,Casual 2,53,1600,0,0.0848,0,0,0,0,0,0,0,0,0,0,0,0,0,0
Cyrille,Casual 2,54,1650,0,0.0855,0,0,0,0,0,0,0,0,0,0,0,0,0,0
Cyrille,Casual 2,55,1700,0,0.0863,0,0,0,0,0,0,0,0,0,0,0,0,0,0
Cyrille,Casual 2,56,1750,0,0.087,0,0,0,0,0,0,0,0,0,0,0,0,0,0
Cyrille,Casual 2,57,1800,0,0.0878,0,0,0,0,0,0,0,0,0,0,0,0,0,0
Cyrille,Casual 2,58,1850,0,0.0885,0,0,0,0,0,0,0,0,0,0,0,0,0,0
Cyrille,Casual 2,59,1900,0,0.0893,0,0,0,0,0,0,0,0,0,0,0,0,0,0
Cyrille,Casual 2,60,1950,0,0.09,0,0,0,0,0,0,0,0,0,0,0,0,0,0
Cyrille,Casual 3,60.1,0,30,0.096,0.18,252000,0,0,0,0,0,0,0,0,0,0,0,0
Cyrille,Casual 3,61,2000,0,0.0968,0,0,0,0,0,0,0,0,0,0,0,0,0,0
Cyrille,Casual 3,62,2050,0,0.0975,0,0,0,0,0,0,0,0,0,0,0,0,0,0
Cyrille,Casual 3,63,2100,0,0.0983,0,0,0,0,0,0,0,0,0,0,0,0,0,0
Cyrille,Casual 3,64,2150,0,0.099,0,0,0,0,0,0,0,0,0,0,0,0,0,0
Cyrille,Casual 3,65,2200,0,0.0998,0,0,0,0,0,0,0,0,0,0,0,0,0,0
Cyrille,Casual 3,66,2250,0,0.1005,0,0,0,0,0,0,0,0,0,0,0,0,0,0
Cyrille,Casual 3,67,2300,0,0.1013,0,0,0,0,0,0,0,0,0,0,0,0,0,0
Cyrille,Casual 3,68,2350,0,0.102,0,0,0,0,0,0,0,0,0,0,0,0,0,0
Cyrille,Casual 3,69,2400,0,0.1028,0,0,0,0,0,0,0,0,0,0,0,0,0,0
Cyrille,Casual 3,70,2450,0,0.1035,0,0,0,0,0,0,0,0,0,0,0,0,0,0
Cyrille,Close 1,70.1,0,35,0.1095,0.21,288000,0,0,0,0,0,0,0,0,0,0,0,0
Cyrille,Close 1,71,2500,0,0.1103,0,0,0,0,0,0,0,0,0,0,0,0,0,0
Cyrille,Close 1,72,2550,0,0.111,0,0,0,0,0,0,0,0,0,0,0,0,0,0
Cyrille,Close 1,73,2600,0,0.1118,0,0,0,0,0,0,0,0,0,0,0,0,0,0
Cyrille,Close 1,74,2650,0,0.1125,0,0,0,0,0,0,0,0,0,0,0,0,0,0
Cyrille,Close 1,75,2700,0,0.1133,0,0,0,0,0,0,0,0,0,0,0,0,0,0
Cyrille,Close 1,76,2750,0,0.114,0,0,0,0,0,0,0,0,0,0,0,0,0,0
Cyrille,Close 1,77,2800,0,0.1148,0,0,0,0,0,0,0,0,0,0,0,0,0,0
Cyrille,Close 1,78,2850,0,0.1155,0,0,0,0,0,0,0,0,0,0,0,0,0,0
Cyrille,Close 1,79,2900,0,0.1163,0,0,0,0,0,0,0,0,0,0,0,0,0,0
Cyrille,Close 1,80,2950,0,0.117,0,0,0,0,0,0,0,0,0,0,0,0,0,0
Cyrille,Close 2,80.1,0,40,0.123,0.24,324000,0,0,0,0,0,0,0,0,0,0,0,0
Cyrille,Close 2,81,3000,0,0.1238,0,0,0,0,0,0,0,0,0,0,0,0,0,0
Cyrille,Close 2,82,3050,0,0.1245,0,0,0,0,0,0,0,0,0,0,0,0,0,0
Cyrille,Close 2,83,3100,0,0.1253,0,0,0,0,0,0,0,0,0,0,0,0,0,0
Cyrille,Close 2,84,3150,0,0.126,0,0,0,0,0,0,0,0,0,0,0,0,0,0
Cyrille,Close 2,85,3200,0,0.1268,0,0,0,0,0,0,0,0,0,0,0,0,0,0
Cyrille,Close 2,86,3250,0,0.1275,0,0,0,0,0,0,0,0,0,0,0,0,0,0
Cyrille,Close 2,87,3300,0,0.1283,0,0,0,0,0,0,0,0,0,0,0,0,0,0
Cyrille,Close 2,88,3350,0,0.129,0,0,0,0,0,0,0,0,0,0,0,0,0,0
Cyrille,Close 2,89,3400,0,0.1298,0,0,0,0,0,0,0,0,0,0,0,0,0,0
Cyrille,Close 2,90,3450,0,0.1305,0,0,0,0,0,0,0,0,0,0,0,0,0,0
Cyrille,Close 3,90.1,0,45,0.1365,0.27,360000,0,0,0,0,0,0,0,0,0,0,0,0
Cyrille,Close 3,91,3500,0,0.1373,0,0,0,0,0,0,0,0,0,0,0,0,0,0
Cyrille,Close 3,92,3550,0,0.138,0,0,0,0,0,0,0,0,0,0,0,0,0,0
Cyrille,Close 3,93,3600,0,0.1388,0,0,0,0,0,0,0,0,0,0,0,0,0,0
Cyrille,Close 3,94,3650,0,0.1395,0,0,0,0,0,0,0,0,0,0,0,0,0,0
Cyrille,Close 3,95,3700,0,0.1403,0,0,0,0,0,0,0,0,0,0,0,0,0,0
Cyrille,Close 3,96,3750,0,0.141,0,0,0,0,0,0,0,0,0,0,0,0,0,0
Cyrille,Close 3,97,3800,0,0.1418,0,0,0,0,0,0,0,0,0,0,0,0,0,0
Cyrille,Close 3,98,3850,0,0.1425,0,0,0,0,0,0,0,0,0,0,0,0,0,0
Cyrille,Close 3,99,3900,0,0.1433,0,0,0,0,0,0,0,0,0,0,0,0,0,0
Cyrille,Close 3,100,3950,0,0.144,0,0,0,0,0,0,0,0,0,0,0,0,0,0
Cyrille,Intimate,100.1,0,50,0.15,0.3,396000,0,0,0,0,0,0,0,0,0,0,0,0
Fabian,Relationship,0,0,0,0,0,0,1,0,0.1,18000,0,100000,37000,0,0.015,52000,0,7500
Fabian,Stranger,1,1000,0,0.0158,0.02,0.02,2,300,0.2,36000,500,200000,74000,200,0.03,104000,300,15000
Fabian,Stranger,2,1000,0,0.0165,0,0,3,600,0.3,54000,100,300000,111000,500,0.045,156000,700,22500
Fabian,Stranger,3,1050,0,0.0173,0,0,4,9200,0.4,72000,1500,400000,148000,700,0.06,208000,1000,30000
Fabian,Stranger,4,1100,0,0.018,0,0,5,1200,0.5,90000,2000,500000,185000,1000,0.075,260000,1400,37500
Fabian,Stranger,5,1150,0,0.0188,0,0,6,1500,0.6,108000,2500,600000,222000,1200,0.09,312000,1800,45000
Fabian,Stranger,6,1200,0,0.0195,0,0,7,1800,0.7,126000,3000,700000,259000,1500,0.105,364000,2100,52500
Fabian,Stranger,7,1300,0,0.0203,0,0,8,2100,0.8,144000,3500,800000,296000,1700,0.12,416000,2400,60000
Fabian,Stranger,8,1400,0,0.021,0,0,9,2400,0.9,162000,4000,900000,333000,2000,0.135,486000,2800,67500
Fabian,Stranger,9,1500,0,0.0218,0,0,10,2700,1,180000,4500,1000000,370000,2300,0.15,520000,3200,75000
Fabian,Stranger,10,1600,0,0.0225,0,0,11,0,0,0,0,0,0,2500,0.165,572000,3500,82500
Fabian,Acquaintance 1,10.1,0,12,0.0285,0.04,0.04,12,0,0,0,0,0,0,2700,0.18,624000,3800,90000
Fabian,Acquaintance 1,11,1700,0,0.0293,0,0,13,0,0,0,0,0,0,3000,0.195,676000,4200,97500
Fabian,Acquaintance 1,12,1800,0,0.03,0,0,14,0,0,0,0,0,0,3500,0.21,728000,4900,105000
Fabian,Acquaintance 1,13,1900,0,0.0308,0,0,15,0,0,0,0,0,0,4000,0.225,780000,5700,112500
Fabian,Acquaintance 1,14,2000,0,0.0315,0,0,16,0,0,0,0,0,0,4000,0.24,832000,5700,120000
Fabian,Acquaintance 1,15,2100,0,0.0323,0,0,17,0,0,0,0,0,0,4500,0.255,884000,6400,127500
Fabian,Acquaintance 1,16,2200,0,0.033,0,0,18,0,0,0,0,0,0,4500,0.27,936000,6400,135000
Fabian,Acquaintance 1,17,2300,0,0.0338,0,0,19,0,0,0,0,0,0,5100,0.285,988000,7100,142500
Fabian,Acquaintance 1,18,2400,0,0.0345,0,0,20,0,0,0,0,0,0,5100,0.3,1040000,7100,150000
Fabian,Acquaintance 1,19,5600,0,0.0353,0,0,0,21800,0,0,21600,0,0,50000,0,0,70500,0
Fabian,Acquaintance 1,20,2600,0,0.036,0,0,0,0,0,0,0,0,0,0,0,0,0,0
Fabian,Acquaintance 2,20.1,0,24,0.042,0.06,0.06,0,0,0,0,0,0,0,0,0,0,0,0
Fabian,Acquaintance 2,21,2700,0,0.0428,0,0,0,0,0,0,0,0,0,0,0,0,0,0
Fabian,Acquaintance 2,22,2800,0,0.0435,0,0,0,0,0,0,0,0,0,0,0,0,0,0
Fabian,Acquaintance 2,23,2900,0,0.0443,0,0,0,0,0,0,0,0,0,0,0,0,0,0
Fabian,Acquaintance 2,24,3000,0,0.045,0,0,0,0,0,0,0,0,0,0,0,0,0,0
Fabian,Acquaintance 2,25,3100,0,0.0458,0,0,0,0,0,0,0,0,0,0,0,0,0,0
Fabian,Acquaintance 2,26,3200,0,0.0465,0,0,0,0,0,0,0,0,0,0,0,0,0,0
Fabian,Acquaintance 2,27,3300,0,0.0473,0,0,0,0,0,0,0,0,0,0,0,0,0,0
Fabian,Acquaintance 2,28,3400,0,0.048,0,0,0,0,0,0,0,0,0,0,0,0,0,0
Fabian,Acquaintance 2,29,3500,0,0.0488,0,0,0,0,0,0,0,0,0,0,0,0,0,0
Fabian,Acquaintance 2,30,3650,0,0.0495,0,0,0,0,0,0,0,0,0,0,0,0,0,0
Fabian,Acquaintance 3,30.1,0,36,0.0555,0.09,0.09,0,0,0,0,0,0,0,0,0,0,0,0
Fabian,Acquaintance 3,31,3800,0,0.0563,0,0,0,0,0,0,0,0,0,0,0,0,0,0
Fabian,Acquaintance 3,32,3950,0,0.057,0,0,0,0,0,0,0,0,0,0,0,0,0,0
Fabian,Acquaintance 3,33,4100,0,0.0578,0,0,0,0,0,0,0,0,0,0,0,0,0,0
Fabian,Acquaintance 3,34,4250,0,0.0585,0,0,0,0,0,0,0,0,0,0,0,0,0,0
Fabian,Acquaintance 3,35,4400,0,0.0593,0,0,0,0,0,0,0,0,0,0,0,0,0,0
Fabian,Acquaintance 3,36,4550,0,0.06,0,0,0,0,0,0,0,0,0,0,0,0,0,0
Fabian,Acquaintance 3,37,4700,0,0.0608,0,0,0,0,0,0,0,0,0,0,0,0,0,0
Fabian,Acquaintance 3,38,4850,0,0.0615,0,0,0,0,0,0,0,0,0,0,0,0,0,0
Fabian,Acquaintance 3,39,5000,0,0.0623,0,0,0,0,0,0,0,0,0,0,0,0,0,0
Fabian,Acquaintance 3,40,5200,0,0.063,0,0,0,0,0,0,0,0,0,0,0,0,0,0
Fabian,Casual 1,40.1,0,48,0.069,0.12,0.12,0,0,0,0,0,0,0,0,0,0,0,0
Fabian,Casual 1,41,5400,0,0.0698,0,0,0,0,0,0,0,0,0,0,0,0,0,0
Fabian,Casual 1,42,5600,0,0.0705,0,0,0,0,0,0,0,0,0,0,0,0,0,0
Fabian,Casual 1,43,5800,0,0.0713,0,0,0,0,0,0,0,0,0,0,0,0,0,0
Fabian,Casual 1,44,6000,0,0.072,0,0,0,0,0,0,0,0,0,0,0,0,0,0
Fabian,Casual 1,45,6200,0,0.0728,0,0,0,0,0,0,0,0,0,0,0,0,0,0
Fabian,Casual 1,46,6400,0,0.0735,0,0,0,0,0,0,0,0,0,0,0,0,0,0
Fabian,Casual 1,47,6600,0,0.0743,0,0,0,0,0,0,0,0,0,0,0,0,0,0
Fabian,Casual 1,48,6800,0,0.045,0,0,0,0,0,0,0,0,0,0,0,0,0,0
Fabian,Casual 1,49,7000,0,0.0758,0,0,0,0,0,0,0,0,0,0,0,0,0,0
Fabian,Casual 1,50,7250,0,0.0765,0,0,0,0,0,0,0,0,0,0,0,0,0,0
Fabian,Casual 2,50.1,0,60,0.0825,0.15,0.15,0,0,0,0,0,0,0,0,0,0,0,0
Fabian,Casual 2,51,7500,0,0.0832,0,0,0,0,0,0,0,0,0,0,0,0,0,0
Fabian,Casual 2,52,7750,0,0.084,0,0,0,0,0,0,0,0,0,0,0,0,0,0
Fabian,Casual 2,53,8000,0,0.0848,0,0,0,0,0,0,0,0,0,0,0,0,0,0
Fabian,Casual 2,54,8250,0,0.0855,0,0,0,0,0,0,0,0,0,0,0,0,0,0
Fabian,Casual 2,55,8500,0,0.0863,0,0,0,0,0,0,0,0,0,0,0,0,0,0
Fabian,Casual 2,56,8750,0,0.087,0,0,0,0,0,0,0,0,0,0,0,0,0,0
Fabian,Casual 2,57,9000,0,0.0878,0,0,0,0,0,0,0,0,0,0,0,0,0,0
Fabian,Casual 2,58,9250,0,0.0885,0,0,0,0,0,0,0,0,0,0,0,0,0,0
Fabian,Casual 2,59,9500,0,0.0892,0,0,0,0,0,0,0,0,0,0,0,0,0,0
Fabian,Casual 2,60,9750,0,0.09,0,0,0,0,0,0,0,0,0,0,0,0,0,0
Fabian,Casual 3,60.1,0,72,0.096,0.18,0.18,0,0,0,0,0,0,0,0,0,0,0,0
Fabian,Casual 3,61,10000,0,0.0967,0,0,0,0,0,0,0,0,0,0,0,0,0,0
Fabian,Casual 3,62,10250,0,0.0975,0,0,0,0,0,0,0,0,0,0,0,0,0,0
Fabian,Casual 3,63,10500,0,0.0982,0,0,0,0,0,0,0,0,0,0,0,0,0,0
Fabian,Casual 3,64,10750,0,0.099,0,0,0,0,0,0,0,0,0,0,0,0,0,0
Fabian,Casual 3,65,11000,0,0.0997,0,0,0,0,0,0,0,0,0,0,0,0,0,0
Fabian,Casual 3,66,11250,0,0.1005,0,0,0,0,0,0,0,0,0,0,0,0,0,0
Fabian,Casual 3,67,11500,0,0.1012,0,0,0,0,0,0,0,0,0,0,0,0,0,0
Fabian,Casual 3,68,11750,0,0.102,0,0,0,0,0,0,0,0,0,0,0,0,0,0
Fabian,Casual 3,69,12000,0,0.1027,0,0,0,0,0,0,0,0,0,0,0,0,0,0
Fabian,Casual 3,70,12250,0,0.1035,0,0,0,0,0,0,0,0,0,0,0,0,0,0
Fabian,Close 1,70.1,0,84,0.1095,0.21,0.21,0,0,0,0,0,0,0,0,0,0,0,0
Fabian,Close 1,71,12500,0,0.1102,0,0,0,0,0,0,0,0,0,0,0,0,0,0
Fabian,Close 1,72,12750,0,0.111,0,0,0,0,0,0,0,0,0,0,0,0,0,0
Fabian,Close 1,73,13000,0,0.1117,0,0,0,0,0,0,0,0,0,0,0,0,0,0
Fabian,Close 1,74,13250,0,0.1125,0,0,0,0,0,0,0,0,0,0,0,0,0,0
Fabian,Close 1,75,13500,0,0.1132,0,0,0,0,0,0,0,0,0,0,0,0,0,0
Fabian,Close 1,76,13750,0,0.114,0,0,0,0,0,0,0,0,0,0,0,0,0,0
Fabian,Close 1,77,14000,0,0.1147,0,0,0,0,0,0,0,0,0,0,0,0,0,0
Fabian,Close 1,78,14250,0,0.1155,0,0,0,0,0,0,0,0,0,0,0,0,0,0
Fabian,Close 1,79,14500,0,0.1162,0,0,0,0,0,0,0,0,0,0,0,0,0,0
Fabian,Close 1,80,14750,0,0.117,0,0,0,0,0,0,0,0,0,0,0,0,0,0
Fabian,Close 2,80.1,0,96,0.123,0.24,0.24,0,0,0,0,0,0,0,0,0,0,0,0
Fabian,Close 2,81,15000,0,0.1237,0,0,0,0,0,0,0,0,0,0,0,0,0,0
Fabian,Close 2,82,15250,0,0.1245,0,0,0,0,0,0,0,0,0,0,0,0,0,0
Fabian,Close 2,83,15500,0,0.1252,0,0,0,0,0,0,0,0,0,0,0,0,0,0
Fabian,Close 2,84,15750,0,0.126,0,0,0,0,0,0,0,0,0,0,0,0,0,0
Fabian,Close 2,85,16000,0,0.1267,0,0,0,0,0,0,0,0,0,0,0,0,0,0
Fabian,Close 2,86,16250,0,0.1275,0,0,0,0,0,0,0,0,0,0,0,0,0,0
Fabian,Close 2,87,16500,0,0.1283,0,0,0,0,0,0,0,0,0,0,0,0,0,0
Fabian,Close 2,88,16750,0,0.129,0,0,0,0,0,0,0,0,0,0,0,0,0,0
Fabian,Close 2,89,17000,0,0.1297,0,0,0,0,0,0,0,0,0,0,0,0,0,0
Fabian,Close 2,90,17250,0,0.1305,0,0,0,0,0,0,0,0,0,0,0,0,0,0
Fabian,Close 3,90.1,0,108,0.1365,0.27,0.27,0,0,0,0,0,0,0,0,0,0,0,0
Fabian,Close 3,91,17500,0,0.1372,0,0,0,0,0,0,0,0,0,0,0,0,0,0
Fabian,Close 3,92,17750,0,0.138,0,0,0,0,0,0,0,0,0,0,0,0,0,0
Fabian,Close 3,93,18000,0,0.1387,0,0,0,0,0,0,0,0,0,0,0,0,0,0
Fabian,Close 3,94,18250,0,0.1395,0,0,0,0,0,0,0,0,0,0,0,0,0,0
Fabian,Close 3,95,18500,0,0.1402,0,0,0,0,0,0,0,0,0,0,0,0,0,0
Fabian,Close 3,96,18750,0,0.141,0,0,0,0,0,0,0,0,0,0,0,0,0,0
Fabian,Close 3,97,19000,0,0.1417,0,0,0,0,0,0,0,0,0,0,0,0,0,0
Fabian,Close 3,98,19250,0,0.1425,0,0,0,0,0,0,0,0,0,0,0,0,0,0
Fabian,Close 3,99,19500,0,0.1432,0,0,0,0,0,0,0,0,0,0,0,0,0,0
Fabian,Close 3,100,19750,0,0.144,0,0,0,0,0,0,0,0,0,0,0,0,0,0
Fabian,Intimate,100.1,0,120,0.15,0.3,0.3,0,0,0,0,0,0,0,0,0,0,0,0
Holger,Relationship,0,0,0,0,0,0,1,0,0.02,42000,0,0.05,18000,0,1,0.05,18000,0
Holger,Stranger,1,1000,0,0.0158,0.5,1,2,600,0.04,84000,300,0.1,36000,300,1,0.1,36000,82800
Holger,Stranger,2,600,0,0.0165,0,0,3,1200,0.06,126000,600,0.15,54000,600,1,0.15,54000,165600
Holger,Stranger,3,630,0,0.0173,0,0,4,1800,0.08,168000,900,0.2,72000,900,1,0.2,72000,248400
Holger,Stranger,4,660,0,0.018,0,0,5,2400,0.1,210000,1200,0.25,90000,1200,1,0.25,90000,331800
Holger,Stranger,5,690,0,0.0188,0,0,6,3000,0.12,252000,1500,0.3,108000,1500,2,0.3,108000,414600
Holger,Stranger,6,720,0,0.0195,0,0,7,3600,0.14,294000,1800,0.35,126000,1800,2,0.35,126000,497400
Holger,Stranger,7,780,0,0.0203,0,0,8,4200,0.16,336000,2100,0.4,144000,2100,2,0.4,144000,580200
Holger,Stranger,8,840,0,0.021,0,0,9,4800,0.18,378000,2400,0.45,162000,2400,2,0.45,162000,663600
Holger,Stranger,9,900,0,0.0218,0,0,10,5400,0.2,420000,2700,0.5,180000,2700,3,0.5,180000,746400
Holger,Stranger,10,960,0,0.0225,0,0,0,27000,0,0,13500,0,0,13500,0,0,0,3730800
Holger,Acquaintance 1,10.1,0,8,0.0285,0.55,1,0,0,0,0,0,0,0,0,0,0,0,0
Holger,Acquaintance 1,11,1020,0,0.0293,0,0,0,0,0,0,0,0,0,0,0,0,0,0
Holger,Acquaintance 1,12,1080,0,0.03,0,0,0,0,0,0,0,0,0,0,0,0,0,0
Holger,Acquaintance 1,13,1140,0,0.0308,0,0,0,0,0,0,0,0,0,0,0,0,0,0
Holger,Acquaintance 1,14,1200,0,0.0315,0,0,0,0,0,0,0,0,0,0,0,0,0,0
Holger,Acquaintance 1,15,1260,0,0.0323,0,0,0,0,0,0,0,0,0,0,0,0,0,0
Holger,Acquaintance 1,16,1320,0,0.033,0,0,0,0,0,0,0,0,0,0,0,0,0,0
Holger,Acquaintance 1,17,1380,0,0.0338,0,0,0,0,0,0,0,0,0,0,0,0,0,0
Holger,Acquaintance 1,18,1440,0,0.0345,0,0,0,0,0,0,0,0,0,0,0,0,0,0
Holger,Acquaintance 1,19,1500,0,0.0353,0,0,0,0,0,0,0,0,0,0,0,0,0,0
Holger,Acquaintance 1,20,1560,0,0.036,0,0,0,0,0,0,0,0,0,0,0,0,0,0
Holger,Acquaintance 2,20.1,0,16,0.042,0.6,1,0,0,0,0,0,0,0,0,0,0,0,0
Holger,Acquaintance 2,21,1620,0,0.0428,0,0,0,0,0,0,0,0,0,0,0,0,0,0
Holger,Acquaintance 2,22,1680,0,0.0435,0,0,0,0,0,0,0,0,0,0,0,0,0,0
Holger,Acquaintance 2,23,1740,0,0.0443,0,0,0,0,0,0,0,0,0,0,0,0,0,0
Holger,Acquaintance 2,24,1800,0,0.045,0,0,0,0,0,0,0,0,0,0,0,0,0,0
Holger,Acquaintance 2,25,1860,0,0.0458,0,0,0,0,0,0,0,0,0,0,0,0,0,0
Holger,Acquaintance 2,26,1920,0,0.0465,0,0,0,0,0,0,0,0,0,0,0,0,0,0
Holger,Acquaintance 2,27,1980,0,0.0473,0,0,0,0,0,0,0,0,0,0,0,0,0,0
Holger,Acquaintance 2,28,2040,0,0.048,0,0,0,0,0,0,0,0,0,0,0,0,0,0
Holger,Acquaintance 2,29,2100,0,0.0488,0,0,0,0,0,0,0,0,0,0,0,0,0,0
Holger,Acquaintance 2,30,2190,0,0.0495,0,0,0,0,0,0,0,0,0,0,0,0,0,0
Holger,Acquaintance 3,30.1,0,24,0.055,0.65,1,0,0,0,0,0,0,0,0,0,0,0,0
Holger,Acquaintance 3,31,2280,0,0.0563,0,0,0,0,0,0,0,0,0,0,0,0,0,0
Holger,Acquaintance 3,32,2370,0,0.057,0,0,0,0,0,0,0,0,0,0,0,0,0,0
Holger,Acquaintance 3,33,2460,0,0.0578,0,0,0,0,0,0,0,0,0,0,0,0,0,0
Holger,Acquaintance 3,34,2550,0,0.0585,0,0,0,0,0,0,0,0,0,0,0,0,0,0
Holger,Acquaintance 3,35,2640,0,0.0593,0,0,0,0,0,0,0,0,0,0,0,0,0,0
Holger,Acquaintance 3,36,2730,0,0.06,0,0,0,0,0,0,0,0,0,0,0,0,0,0
Holger,Acquaintance 3,37,2820,0,0.0608,0,0,0,0,0,0,0,0,0,0,0,0,0,0
Holger,Acquaintance 3,38,2910,0,0.0615,0,0,0,0,0,0,0,0,0,0,0,0,0,0
Holger,Acquaintance 3,39,3000,0,0.0623,0,0,0,0,0,0,0,0,0,0,0,0,0,0
Holger,Acquaintance 3,40,3120,0,0.063,0,0,0,0,0,0,0,0,0,0,0,0,0,0
Holger,Casual 1,40.1,0,32,0.069,0.7,1,0,0,0,0,0,0,0,0,0,0,0,0
Holger,Casual 1,41,3240,0,0.0698,0,0,0,0,0,0,0,0,0,0,0,0,0,0
Holger,Casual 1,42,3360,0,0.0705,0,0,0,0,0,0,0,0,0,0,0,0,0,0
Holger,Casual 1,43,3480,0,0.0713,0,0,0,0,0,0,0,0,0,0,0,0,0,0
Holger,Casual 1,44,3600,0,0.072,0,0,0,0,0,0,0,0,0,0,0,0,0,0
Holger,Casual 1,45,3720,0,0.0728,0,0,0,0,0,0,0,0,0,0,0,0,0,0
Holger,Casual 1,46,3840,0,0.0735,0,0,0,0,0,0,0,0,0,0,0,0,0,0
Holger,Casual 1,47,3960,0,0.0743,0,0,0,0,0,0,0,0,0,0,0,0,0,0
Holger,Casual 1,48,4080,0,0.075,0,0,0,0,0,0,0,0,0,0,0,0,0,0
Holger,Casual 1,49,4200,0,0.0758,0,0,0,0,0,0,0,0,0,0,0,0,0,0
Holger,Casual 1,50,4350,0,0.0765,0,0,0,0,0,0,0,0,0,0,0,0,0,0
Holger,Casual 2,50.1,0,40,0.0825,0.75,2,0,0,0,0,0,0,0,0,0,0,0,0
Holger,Casual 2,51,4500,0,0.0833,0,0,0,0,0,0,0,0,0,0,0,0,0,0
Holger,Casual 2,52,4650,0,0.084,0,0,0,0,0,0,0,0,0,0,0,0,0,0
Holger,Casual 2,53,4800,0,0.0848,0,0,0,0,0,0,0,0,0,0,0,0,0,0
Holger,Casual 2,54,4950,0,0.0855,0,0,0,0,0,0,0,0,0,0,0,0,0,0
Holger,Casual 2,55,5100,0,0.0863,0,0,0,0,0,0,0,0,0,0,0,0,0,0
Holger,Casual 2,56,5250,0,0.087,0,0,0,0,0,0,0,0,0,0,0,0,0,0
Holger,Casual 2,57,5400,0,0.0878,0,0,0,0,0,0,0,0,0,0,0,0,0,0
Holger,Casual 2,58,5550,0,0.0885,0,0,0,0,0,0,0,0,0,0,0,0,0,0
Holger,Casual 2,59,5700,0,0.0893,0,0,0,0,0,0,0,0,0,0,0,0,0,0
Holger,Casual 2,60,5850,0,0.09,0,0,0,0,0,0,0,0,0,0,0,0,0,0
Holger,Casual 3,60.1,0,48,0.096,0.8,2,0,0,0,0,0,0,0,0,0,0,0,0
Holger,Casual 3,61,6000,0,0.0968,0,0,0,0,0,0,0,0,0,0,0,0,0,0
Holger,Casual 3,62,6150,0,0.0975,0,0,0,0,0,0,0,0,0,0,0,0,0,0
Holger,Casual 3,63,6300,0,0.0983,0,0,0,0,0,0,0,0,0,0,0,0,0,0
Holger,Casual 3,64,6450,0,0.099,0,0,0,0,0,0,0,0,0,0,0,0,0,0
Holger,Casual 3,65,6600,0,0.0998,0,0,0,0,0,0,0,0,0,0,0,0,0,0
Holger,Casual 3,66,6750,0,0.1005,0,0,0,0,0,0,0,0,0,0,0,0,0,0
Holger,Casual 3,67,6900,0,0.1013,0,0,0,0,0,0,0,0,0,0,0,0,0,0
Holger,Casual 3,68,7050,0,0.102,0,0,0,0,0,0,0,0,0,0,0,0,0,0
Holger,Casual 3,69,7200,0,0.1028,0,0,0,0,0,0,0,0,0,0,0,0,0,0
Holger,Casual 3,70,7350,0,0.1035,0,0,0,0,0,0,0,0,0,0,0,0,0,0
Holger,Close 1,70.1,0,56,0.1095,0.85,2,0,0,0,0,0,0,0,0,0,0,0,0
Holger,Close 1,71,7500,0,0.1103,0,0,0,0,0,0,0,0,0,0,0,0,0,0
Holger,Close 1,72,7650,0,0.111,0,0,0,0,0,0,0,0,0,0,0,0,0,0
Holger,Close 1,73,7800,0,0.1118,0,0,0,0,0,0,0,0,0,0,0,0,0,0
Holger,Close 1,74,7950,0,0.1125,0,0,0,0,0,0,0,0,0,0,0,0,0,0
Holger,Close 1,75,8100,0,0.1133,0,0,0,0,0,0,0,0,0,0,0,0,0,0
Holger,Close 1,76,8250,0,0.114,0,0,0,0,0,0,0,0,0,0,0,0,0,0
Holger,Close 1,77,8400,0,0.1148,0,0,0,0,0,0,0,0,0,0,0,0,0,0
Holger,Close 1,78,8550,0,0.1155,0,0,0,0,0,0,0,0,0,0,0,0,0,0
Holger,Close 1,79,8700,0,0.1163,0,0,0,0,0,0,0,0,0,0,0,0,0,0
Holger,Close 1,80,8850,0,0.117,0,0,0,0,0,0,0,0,0,0,0,0,0,0
Holger,Close 2,80.1,0,64,0.123,0.9,2,0,0,0,0,0,0,0,0,0,0,0,0
Holger,Close 2,81,9000,0,0.1238,0,0,0,0,0,0,0,0,0,0,0,0,0,0
Holger,Close 2,82,9150,0,0.1245,0,0,0,0,0,0,0,0,0,0,0,0,0,0
Holger,Close 2,83,9300,0,0.1253,0,0,0,0,0,0,0,0,0,0,0,0,0,0
Holger,Close 2,84,9450,0,0.126,0,0,0,0,0,0,0,0,0,0,0,0,0,0
Holger,Close 2,85,9600,0,0.1268,0,0,0,0,0,0,0,0,0,0,0,0,0,0
Holger,Close 2,86,9750,0,0.1275,0,0,0,0,0,0,0,0,0,0,0,0,0,0
Holger,Close 2,87,9900,0,0.1283,0,0,0,0,0,0,0,0,0,0,0,0,0,0
Holger,Close 2,88,10050,0,0.129,0,0,0,0,0,0,0,0,0,0,0,0,0,0
Holger,Close 2,89,10200,0,0.1298,0,0,0,0,0,0,0,0,0,0,0,0,0,0
Holger,Close 2,90,10350,0,0.1305,0,0,0,0,0,0,0,0,0,0,0,0,0,0
Holger,Close 3,90.1,0,72,0.1365,0.95,2,0,0,0,0,0,0,0,0,0,0,0,0
Holger,Close 3,91,10500,0,0.1373,0,0,0,0,0,0,0,0,0,0,0,0,0,0
Holger,Close 3,92,10650,0,0.138,0,0,0,0,0,0,0,0,0,0,0,0,0,0
Holger,Close 3,93,10800,0,0.1388,0,0,0,0,0,0,0,0,0,0,0,0,0,0
Holger,Close 3,94,10950,0,0.1395,0,0,0,0,0,0,0,0,0,0,0,0,0,0
Holger,Close 3,95,11100,0,0.1403,0,0,0,0,0,0,0,0,0,0,0,0,0,0
Holger,Close 3,96,11250,0,0.141,0,0,0,0,0,0,0,0,0,0,0,0,0,0
Holger,Close 3,97,11400,0,0.1418,0,0,0,0,0,0,0,0,0,0,0,0,0,0
Holger,Close 3,98,11550,0,0.1425,0,0,0,0,0,0,0,0,0,0,0,0,0,0
Holger,Close 3,99,11700,0,0.1433,0,0,0,0,0,0,0,0,0,0,0,0,0,0
Holger,Close 3,100,11850,0,0.144,0,0,0,0,0,0,0,0,0,0,0,0,0,0
Holger,Intimate,100.1,0,80,0.15,1,3,0,0,0,0,0,0,0,0,0,0,0,0
Romulus,Relationship,0,0,0,0,0,0,0,0,1,18000,0,0.005,108000,0,0.005,135000,0,5000
Romulus,Stranger,1,1000,0,0.021,300,236000,300,30600,2,36000,500,0.01,216000,800,0.01,270000,800,10000
Romulus,Stranger,2,1100,0,0.022,0,0,600,61800,3,54000,1000,0.015,324000,1500,0.015,405000,1500,15000
Romulus,Stranger,3,1160,0,0.023,0,0,900,93000,4,72000,1500,0.02,432000,2200,0.02,540000,2200,20000
Romulus,Stranger,4,1210,0,0.024,0,0,1200,124200,5,90000,2000,0.025,540000,7000,0.025,675000,3000,25000
Romulus,Stranger,5,1270,0,0.025,0,0,1500,155400,6,108000,2500,0.03,648000,3800,0.03,810000,3800,30000
Romulus,Stranger,6,1320,0,0.026,0,0,1800,186600,7,126000,3000,0.035,756000,4500,0.035,945000,4500,35000
Romulus,Stranger,7,1430,0,0.027,0,0,2100,217200,8,144000,3500,0.04,864000,5200,0.04,1080000,5200,40000
Romulus,Stranger,8,1540,0,0.028,0,0,2400,248400,9,162000,4000,0.045,972000,6000,0.045,1215000,6000,45000
Romulus,Stranger,9,1650,0,0.029,0,0,2700,279600,10,180000,4500,0.05,1080000,6800,0.05,1350000,6800,50000
Romulus,Stranger,10,1760,0,0.03,0,0,0,0,0,0,5000,0.055,1188000,7500,0.055,1485000,7500,55000
Romulus,Acquaintance 1,10.1,0,20,0.038,600,472000,0,0,0,0,5500,0.06,1296000,8200,0.06,1620000,8200,60000
Romulus,Acquaintance 1,11,1870,0,0.039,0,0,0,0,0,0,6000,0.065,1404000,9000,0.065,1755000,9000,65000
Romulus,Acquaintance 1,12,1980,0,0.04,0,0,0,0,0,0,6500,0.07,1512000,10500,0.07,1890000,10500,70000
Romulus,Acquaintance 1,13,2090,0,0.041,0,0,0,0,0,0,7000,0.075,1620000,12000,0.075,2025000,12000,75000
Romulus,Acquaintance 1,14,2200,0,0.042,0,0,0,0,0,0,7500,0.08,1728000,12000,0.08,2160000,12000,80000
Romulus,Acquaintance 1,15,2310,0,0.043,0,0,0,0,0,0,8000,0.085,1836000,13500,0.085,2295000,13500,85000
Romulus,Acquaintance 1,16,2420,0,0.044,0,0,0,0,0,0,8500,0.09,1944000,13500,0.09,2430000,13500,90000
Romulus,Acquaintance 1,17,2530,0,0.045,0,0,0,0,0,0,9000,0.095,2052000,15000,0.095,2565000,15000,95000
Romulus,Acquaintance 1,18,2640,0,0.046,0,0,0,0,0,0,9500,0.1,2160000,15000,0.1,2700000,15000,100000
Romulus,Acquaintance 1,19,2750,0,0.047,0,0,13500,1396800,0,0,95000,0,0,154000,0,0,150000,0
Romulus,Acquaintance 1,20,2860,0,0.048,0,0,0,0,0,0,0,0,0,0,0,0,0,0
Romulus,Acquaintance 2,20.1,0,40,0.056,1000,708000,0,0,0,0,0,0,0,0,0,0,0,0
Romulus,Acquaintance 2,21,2970,0,0.057,0,0,0,0,0,0,0,0,0,0,0,0,0,0
Romulus,Acquaintance 2,22,3080,0,0.058,0,0,0,0,0,0,0,0,0,0,0,0,0,0
Romulus,Acquaintance 2,23,3190,0,0.059,0,0,0,0,0,0,0,0,0,0,0,0,0,0
Romulus,Acquaintance 2,24,3300,0,0.06,0,0,0,0,0,0,0,0,0,0,0,0,0,0
Romulus,Acquaintance 2,25,3520,0,0.061,0,0,0,0,0,0,0,0,0,0,0,0,0,0
Romulus,Acquaintance 2,26,3620,0,0.062,0,0,0,0,0,0,0,0,0,0,0,0,0,0
Romulus,Acquaintance 2,27,3720,0,0.063,0,0,0,0,0,0,0,0,0,0,0,0,0,0
Romulus,Acquaintance 2,28,3820,0,0.064,0,0,0,0,0,0,0,0,0,0,0,0,0,0
Romulus,Acquaintance 2,29,3920,0,0.065,0,0,0,0,0,0,0,0,0,0,0,0,0,0
Romulus,Acquaintance 2,30,4020,0,0.066,0,0,0,0,0,0,0,0,0,0,0,0,0,0
Romulus,Acquaintance 3,30.1,0,80,0.074,1500,944000,0,0,0,0,0,0,0,0,0,0,0,0
Romulus,Acquaintance 3,31,4180,0,0.075,0,0,0,0,0,0,0,0,0,0,0,0,0,0
Romulus,Acquaintance 3,32,4350,0,0.076,0,0,0,0,0,0,0,0,0,0,0,0,0,0
Romulus,Acquaintance 3,33,4510,0,0.077,0,0,0,0,0,0,0,0,0,0,0,0,0,0
Romulus,Acquaintance 3,34,4680,0,0.078,0,0,0,0,0,0,0,0,0,0,0,0,0,0
Romulus,Acquaintance 3,35,4840,0,0.079,0,0,0,0,0,0,0,0,0,0,0,0,0,0
Romulus,Acquaintance 3,36,5000,0,0.08,0,0,0,0,0,0,0,0,0,0,0,0,0,0
Romulus,Acquaintance 3,37,5170,0,0.081,0,0,0,0,0,0,0,0,0,0,0,0,0,0
Romulus,Acquaintance 3,38,5330,0,0.082,0,0,0,0,0,0,0,0,0,0,0,0,0,0
Romulus,Acquaintance 3,39,5500,0,0.083,0,0,0,0,0,0,0,0,0,0,0,0,0,0
Romulus,Acquaintance 3,40,5720,0,0.084,0,0,0,0,0,0,0,0,0,0,0,0,0,0
Romulus,Casual 1,40.1,0,120,0.092,2000,1180000,0,0,0,0,0,0,0,0,0,0,0,0
Romulus,Casual 1,41,5940,0,0.093,0,0,0,0,0,0,0,0,0,0,0,0,0,0
Romulus,Casual 1,42,6160,0,0.094,0,0,0,0,0,0,0,0,0,0,0,0,0,0
Romulus,Casual 1,43,6380,0,0.095,0,0,0,0,0,0,0,0,0,0,0,0,0,0
Romulus,Casual 1,44,6600,0,0.096,0,0,0,0,0,0,0,0,0,0,0,0,0,0
Romulus,Casual 1,45,6820,0,0.097,0,0,0,0,0,0,0,0,0,0,0,0,0,0
Romulus,Casual 1,46,7040,0,0.098,0,0,0,0,0,0,0,0,0,0,0,0,0,0
Romulus,Casual 1,47,7260,0,0.099,0,0,0,0,0,0,0,0,0,0,0,0,0,0
Romulus,Casual 1,48,7480,0,0.1,0,0,0,0,0,0,0,0,0,0,0,0,0,0
Romulus,Casual 1,49,7700,0,0.101,0,0,0,0,0,0,0,0,0,0,0,0,0,0
Romulus,Casual 1,50,7980,0,0.102,0,0,0,0,0,0,0,0,0,0,0,0,0,0
Romulus,Casual 2,50.1,0,160,0.11,3000,1416000,0,0,0,0,0,0,0,0,0,0,0,0
Romulus,Casual 2,51,8250,0,0.111,0,0,0,0,0,0,0,0,0,0,0,0,0,0
Romulus,Casual 2,52,8530,0,0.112,0,0,0,0,0,0,0,0,0,0,0,0,0,0
Romulus,Casual 2,53,8800,0,0.113,0,0,0,0,0,0,0,0,0,0,0,0,0,0
Romulus,Casual 2,54,9080,0,0.114,0,0,0,0,0,0,0,0,0,0,0,0,0,0
Romulus,Casual 2,55,9350,0,0.115,0,0,0,0,0,0,0,0,0,0,0,0,0,0
Romulus,Casual 2,56,9630,0,0.116,0,0,0,0,0,0,0,0,0,0,0,0,0,0
Romulus,Casual 2,57,9900,0,0.117,0,0,0,0,0,0,0,0,0,0,0,0,0,0
Romulus,Casual 2,58,10180,0,0.118,0,0,0,0,0,0,0,0,0,0,0,0,0,0
Romulus,Casual 2,59,10450,0,0.119,0,0,0,0,0,0,0,0,0,0,0,0,0,0
Romulus,Casual 2,60,10730,0,0.12,0,0,0,0,0,0,0,0,0,0,0,0,0,0
Romulus,Casual 3,60.1,0,200,0.128,4000,1652000,0,0,0,0,0,0,0,0,0,0,0,0
Romulus,Casual 3,61,11000,0,0.129,0,0,0,0,0,0,0,0,0,0,0,0,0,0
Romulus,Casual 3,62,11280,0,0.13,0,0,0,0,0,0,0,0,0,0,0,0,0,0
Romulus,Casual 3,63,11560,0,0.131,0,0,0,0,0,0,0,0,0,0,0,0,0,0
Romulus,Casual 3,64,11830,0,0.132,0,0,0,0,0,0,0,0,0,0,0,0,0,0
Romulus,Casual 3,65,12110,0,0.133,0,0,0,0,0,0,0,0,0,0,0,0,0,0
Romulus,Casual 3,66,12380,0,0.134,0,0,0,0,0,0,0,0,0,0,0,0,0,0
Romulus,Casual 3,67,12660,0,0.135,0,0,0,0,0,0,0,0,0,0,0,0,0,0
Romulus,Casual 3,68,12930,0,0.136,0,0,0,0,0,0,0,0,0,0,0,0,0,0
Romulus,Casual 3,69,13210,0,0.137,0,0,0,0,0,0,0,0,0,0,0,0,0,0
Romulus,Casual 3,70,13480,0,0.138,0,0,0,0,0,0,0,0,0,0,0,0,0,0
Romulus,Close 1,70.1,0,240,0.146,5500,1888000,0,0,0,0,0,0,0,0,0,0,0,0
Romulus,Close 1,71,13750,0,0.147,0,0,0,0,0,0,0,0,0,0,0,0,0,0
Romulus,Close 1,72,14030,0,0.148,0,0,0,0,0,0,0,0,0,0,0,0,0,0
Romulus,Close 1,73,14300,0,0.149,0,0,0,0,0,0,0,0,0,0,0,0,0,0
Romulus,Close 1,74,14580,0,0.15,0,0,0,0,0,0,0,0,0,0,0,0,0,0
Romulus,Close 1,75,14850,0,0.151,0,0,0,0,0,0,0,0,0,0,0,0,0,0
Romulus,Close 1,76,15130,0,0.152,0,0,0,0,0,0,0,0,0,0,0,0,0,0
Romulus,Close 1,77,15400,0,0.153,0,0,0,0,0,0,0,0,0,0,0,0,0,0
Romulus,Close 1,78,15680,0,0.154,0,0,0,0,0,0,0,0,0,0,0,0,0,0
Romulus,Close 1,79,15950,0,0.155,0,0,0,0,0,0,0,0,0,0,0,0,0,0
Romulus,Close 1,80,16230,0,0.156,0,0,0,0,0,0,0,0,0,0,0,0,0,0
Romulus,Close 2,80.1,0,280,0.164,7000,2124000,0,0,0,0,0,0,0,0,0,0,0,0
Romulus,Close 2,81,16500,0,0.165,0,0,0,0,0,0,0,0,0,0,0,0,0,0
Romulus,Close 2,82,16780,0,0.166,0,0,0,0,0,0,0,0,0,0,0,0,0,0
Romulus,Close 2,83,17050,0,0.167,0,0,0,0,0,0,0,0,0,0,0,0,0,0
Romulus,Close 2,84,17330,0,0.168,0,0,0,0,0,0,0,0,0,0,0,0,0,0
Romulus,Close 2,85,17600,0,0.169,0,0,0,0,0,0,0,0,0,0,0,0,0,0
Romulus,Close 2,86,17880,0,0.17,0,0,0,0,0,0,0,0,0,0,0,0,0,0
Romulus,Close 2,87,18150,0,0.171,0,0,0,0,0,0,0,0,0,0,0,0,0,0
Romulus,Close 2,88,18430,0,0.172,0,0,0,0,0,0,0,0,0,0,0,0,0,0
Romulus,Close 2,89,18700,0,0.173,0,0,0,0,0,0,0,0,0,0,0,0,0,0
Romulus,Close 2,90,18980,0,0.174,0,0,0,0,0,0,0,0,0,0,0,0,0,0
Romulus,Close 3,90.1,0,320,0.182,8500,2360000,0,0,0,0,0,0,0,0,0,0,0,0
Romulus,Close 3,91,19250,0,0.183,0,0,0,0,0,0,0,0,0,0,0,0,0,0
Romulus,Close 3,92,19530,0,0.184,0,0,0,0,0,0,0,0,0,0,0,0,0,0
Romulus,Close 3,93,19800,0,0.185,0,0,0,0,0,0,0,0,0,0,0,0,0,0
Romulus,Close 3,94,20080,0,0.186,0,0,0,0,0,0,0,0,0,0,0,0,0,0
Romulus,Close 3,95,20350,0,0.187,0,0,0,0,0,0,0,0,0,0,0,0,0,0
Romulus,Close 3,96,20630,0,0.188,0,0,0,0,0,0,0,0,0,0,0,0,0,0
Romulus,Close 3,97,20900,0,0.189,0,0,0,0,0,0,0,0,0,0,0,0,0,0
Romulus,Close 3,98,21180,0,0.19,0,0,0,0,0,0,0,0,0,0,0,0,0,0
Romulus,Close 3,99,21450,0,0.191,0,0,0,0,0,0,0,0,0,0,0,0,0,0
Romulus,Close 3,100,21730,0,0.192,0,0,0,0,0,0,0,0,0,0,0,0,0,0
Romulus,Intimate,100.1,0,360,0.2,10000,2596000,0,0,0,0,0,0,0,0,0,0,0,0